,Team,Median of Playing_time: MP,Mean of Playing_time: MP,Std of Playing_time: MP,Median of Playing_time: Starts,Mean of Playing_time: Starts,Std of Playing_time: Starts,Median of Playing_time: Min,Mean of Playing_time: Min,Std of Playing_time: Min,Median of Performance: Gls,Mean of Performance: Gls,Std of Performance: Gls,Median of Performance: Ast,Mean of Performance: Ast,Std of Performance: Ast,Median of Performance: CrdY,Mean of Performance: CrdY,Std of Performance: CrdY,Median of Performance: CrdR,Mean of Performance: CrdR,Std of Performance: CrdR,Median of Expected: xG,Mean of Expected: xG,Std of Expected: xG,Median of Expected: xAG,Mean of Expected: xAG,Std of Expected: xAG,Median of Progression: PrgC,Mean of Progression: PrgC,Std of Progression: PrgC,Median of Progression: PrgP,Mean of Progression: PrgP,Std of Progression: PrgP,Median of Progression: PrgR,Mean of Progression: PrgR,Std of Progression: PrgR,Median of Per_90_minutes: Gls,Mean of Per_90_minutes: Gls,Std of Per_90_minutes: Gls,Median of Per_90_minutes: Ast,Mean of Per_90_minutes: Ast,Std of Per_90_minutes: Ast,Median of Per_90_minutes: xG,Mean of Per_90_minutes: xG,Std of Per_90_minutes: xG,Median of Per_90_minutes: xAG,Mean of Per_90_minutes: xAG,Std of Per_90_minutes: xAG,Median of Goalkeeping_Performance: GA90,Mean of Goalkeeping_Performance: GA90,Std of Goalkeeping_Performance: GA90,Median of Goalkeeping_Performance: Save%,Mean of Goalkeeping_Performance: Save%,Std of Goalkeeping_Performance: Save%,Median of Goalkeeping_Performance: CS%,Mean of Goalkeeping_Performance: CS%,Std of Goalkeeping_Performance: CS%,Median of Goalkeeping_Penalty_Kicks: Save%,Mean of Goalkeeping_Penalty_Kicks: Save%,Std of Goalkeeping_Penalty_Kicks: Save%,Median of SoT%,Mean of SoT%,Std of SoT%,Median of SoT/90,Mean of SoT/90,Std of SoT/90,Median of G/Sh,Mean of G/Sh,Std of G/Sh,Median of Dist,Mean of Dist,Std of Dist,Median of Passing_Total: Cmp,Mean of Passing_Total: Cmp,Std of Passing_Total: Cmp,Median of Passing_Total: Cmp%,Mean of Passing_Total: Cmp%,Std of Passing_Total: Cmp%,Median of Passing_Total: TotDist,Mean of Passing_Total: TotDist,Std of Passing_Total: TotDist,Median of Passing_Short: Cmp%,Mean of Passing_Short: Cmp%,Std of Passing_Short: Cmp%,Median of Passing_Medium: Cmp%,Mean of Passing_Medium: Cmp%,Std of Passing_Medium: Cmp%,Median of Passing_Long: Cmp%,Mean of Passing_Long: Cmp%,Std of Passing_Long: Cmp%,Median of Passing_Expected: KP,Mean of Passing_Expected: KP,Std of Passing_Expected: KP,Median of Passing_Expected: 1/3,Mean of Passing_Expected: 1/3,Std of Passing_Expected: 1/3,Median of Passing_Expected: PPA,Mean of Passing_Expected: PPA,Std of Passing_Expected: PPA,Median of Passing_Expected: CrsPA,Mean of Passing_Expected: CrsPA,Std of Passing_Expected: CrsPA,Median of Passing_Expected: PrgP,Mean of Passing_Expected: PrgP,Std of Passing_Expected: PrgP,Median of Goal_shot_creation: SCA,Mean of Goal_shot_creation: SCA,Std of Goal_shot_creation: SCA,Median of Goal_shot_creation: SCA90,Mean of Goal_shot_creation: SCA90,Std of Goal_shot_creation: SCA90,Median of Goal_shot_creation: GCA,Mean of Goal_shot_creation: GCA,Std of Goal_shot_creation: GCA,Median of Goal_shot_creation: GCA90,Mean of Goal_shot_creation: GCA90,Std of Goal_shot_creation: GCA90,Median of Defensive_Tackles: Tkl,Mean of Defensive_Tackles: Tkl,Std of Defensive_Tackles: Tkl,Median of Defensive_Tackles: TklW,Mean of Defensive_Tackles: TklW,Std of Defensive_Tackles: TklW,Median of Defensive_Challenges: Att,Mean of Defensive_Challenges: Att,Std of Defensive_Challenges: Att,Median of Defensive_Challenge: Lost,Mean of Defensive_Challenge: Lost,Std of Defensive_Challenge: Lost,Median of Defensive_Blocks: Blocks,Mean of Defensive_Blocks: Blocks,Std of Defensive_Blocks: Blocks,Median of Defensive_Blocks: Sh,Mean of Defensive_Blocks: Sh,Std of Defensive_Blocks: Sh,Median of Defensive_Blocks: Pass,Mean of Defensive_Blocks: Pass,Std of Defensive_Blocks: Pass,Median of Defensive_Blocks: Int,Mean of Defensive_Blocks: Int,Std of Defensive_Blocks: Int,Median of Possesion_Touches: Touches,Mean of Possesion_Touches: Touches,Std of Possesion_Touches: Touches,Median of Possesion_Touches: Def Pen,Mean of Possesion_Touches: Def Pen,Std of Possesion_Touches: Def Pen,Median of Possesion_Touches: Def 3rd,Mean of Possesion_Touches: Def 3rd,Std of Possesion_Touches: Def 3rd,Median of Possesion_Touches: Mid 3rd,Mean of Possesion_Touches: Mid 3rd,Std of Possesion_Touches: Mid 3rd,Median of Possesion_Touches: Att 3rd,Mean of Possesion_Touches: Att 3rd,Std of Possesion_Touches: Att 3rd,Median of Possesion_Touches: Att Pen,Mean of Possesion_Touches: Att Pen,Std of Possesion_Touches: Att Pen,Median of Possesion_Take: Ons: Att,Mean of Possesion_Take: Ons: Att,Std of Possesion_Take: Ons: Att,Median of Possesion_Take: Ons: Succ%,Mean of Possesion_Take: Ons: Succ%,Std of Possesion_Take: Ons: Succ%,Median of Possesion_Take: Ons: Tkld%,Mean of Possesion_Take: Ons: Tkld%,Std of Possesion_Take: Ons: Tkld%,Median of Possesion_Carries: Carries,Mean of Possesion_Carries: Carries,Std of Possesion_Carries: Carries,Median of Possesion_Carries: PrgDist,Mean of Possesion_Carries: PrgDist,Std of Possesion_Carries: PrgDist,Median of Possesion_Carries: PrgC,Mean of Possesion_Carries: PrgC,Std of Possesion_Carries: PrgC,Median of Possesion_Carries: 1/3,Mean of Possesion_Carries: 1/3,Std of Possesion_Carries: 1/3,Median of Possesion_Carries: CPA,Mean of Possesion_Carries: CPA,Std of Possesion_Carries: CPA,Median of Possesion_Carries: Mis,Mean of Possesion_Carries: Mis,Std of Possesion_Carries: Mis,Median of Possesion_Carries: Dis,Mean of Possesion_Carries: Dis,Std of Possesion_Carries: Dis,Median of Possesion_Receiving: Rec,Mean of Possesion_Receiving: Rec,Std of Possesion_Receiving: Rec,Median of Possesion_Receiving: PrgR,Mean of Possesion_Receiving: PrgR,Std of Possesion_Receiving: PrgR,Median of Miscellaneous_Stats_Performance: Fls,Mean of Miscellaneous_Stats_Performance: Fls,Std of Miscellaneous_Stats_Performance: Fls,Median of Miscellaneous_Stats_Performance: Fld,Mean of Miscellaneous_Stats_Performance: Fld,Std of Miscellaneous_Stats_Performance: Fld,Median of Miscellaneous_Stats_Performance: Off,Mean of Miscellaneous_Stats_Performance: Off,Std of Miscellaneous_Stats_Performance: Off,Median of Miscellaneous_Stats_Performance: Crs,Mean of Miscellaneous_Stats_Performance: Crs,Std of Miscellaneous_Stats_Performance: Crs,Median of Miscellaneous_Stats_Performance: Recov,Mean of Miscellaneous_Stats_Performance: Recov,Std of Miscellaneous_Stats_Performance: Recov,Median of Miscellaneous_Stats_Aerial Duels: Won,Mean of Miscellaneous_Stats_Aerial Duels: Won,Std of Miscellaneous_Stats_Aerial Duels: Won,Median of Miscellaneous_Stats_Aerial Duels: Lost,Mean of Miscellaneous_Stats_Aerial Duels: Lost,Std of Miscellaneous_Stats_Aerial Duels: Lost,Median of Miscellaneous_Stats_Aerial Duels: Won%,Mean of Miscellaneous_Stats_Aerial Duels: Won%,Std of Miscellaneous_Stats_Aerial Duels: Won%
0,all,21.0,19.65909090909091,9.061870382212303,14.0,14.477272727272727,10.030053183991898,1237.5,1297.7417355371902,847.3694268639454,1.0,1.8925619834710743,3.32392457526813,1.0,1.390495867768595,2.1015602411512875,2.0,2.78099173553719,2.4447455481016043,0.0,0.08264462809917356,0.2973109813295097,0.8,1.9274793388429752,2.931284996098247,0.75,1.4227272727272726,1.7696369420964,13.0,24.611570247933884,28.85011509880882,35.5,48.6301652892562,46.37186088077684,22.0,47.98760330578512,60.237589043623565,0.03,0.12105371900826448,0.19050419428445814,0.04,0.08834710743801653,0.1223009024372158,0.07,0.13595041322314053,0.164781446383665,0.07,0.09723140495867769,0.10014988852268827,1.5,1.6346153846153846,0.6487106489590522,68.5,67.36153846153847,8.324365485053196,20.0,23.751282051282054,22.603584622505664,0.0,16.744,29.480870633909937,30.0,29.72946635730859,20.297252407554048,0.23,0.4104545454545455,0.4856284481453214,0.06,0.07881670533642691,0.1080514145460346,16.4,16.697447795823663,5.039838312415552,425.5,521.0723140495868,426.2769695881533,79.95,79.31280991735538,8.208774351450266,6925.5,8951.673553719009,7709.554102304438,89.65,88.73512396694215,6.705370501797862,85.7,84.04400826446282,10.07875331440364,53.849999999999994,54.36833333333333,16.275215135186084,8.0,12.863636363636363,14.390660072022012,27.0,40.836776859504134,41.81181605040023,6.0,10.90495867768595,13.336823670940502,1.0,2.574380165289256,4.0083562597235005,35.5,48.6301652892562,46.37186088077684,19.0,30.113636363636363,30.129491065798938,1.8,2.083842975206611,1.427414994090463,2.0,3.274793388429752,3.9248775163436473,0.15,0.21287190082644628,0.22094989762982914,17.0,23.376033057851238,21.252965301982435,10.0,13.938016528925619,13.044924803863095,16.5,21.291322314049587,19.195513815181343,8.0,10.47107438016529,9.808370431439469,11.0,14.413223140495868,12.900266851036534,2.0,4.859504132231405,6.9103166911683305,7.5,9.553719008264462,8.800009799752816,7.0,10.675619834710744,11.175252931496379,677.5,788.7210743801653,577.7742567921141,31.0,89.0909090909091,163.8149741497815,149.5,261.5392561983471,286.7210367362431,261.0,335.34090909090907,292.46859911788704,127.5,199.6797520661157,196.69996574730294,19.0,32.60123966942149,38.54233345867027,13.0,24.194214876033058,29.49673610051004,44.8,46.643146067415735,22.854526805107408,44.3,41.948764044943815,21.707971291972882,372.0,441.80785123966945,332.317955987903,948.5,1225.146694214876,1012.228321636786,13.0,24.611570247933884,28.85011509880882,12.0,16.56404958677686,17.13972626033186,2.0,7.737603305785124,13.509422799990077,11.0,17.85123966942149,18.136433097480204,7.0,12.551652892561984,14.014759203181455,443.5,515.6528925619834,389.40441247017617,22.0,47.98760330578512,60.237589043623565,11.0,14.601239669421487,12.969788054812078,10.0,14.165289256198347,13.75102306448085,1.0,2.2644628099173554,3.747227756608568,8.0,22.921487603305785,33.49011833272323,42.5,55.14049586776859,43.56025422324543,9.0,17.15495867768595,19.934643632843684,12.0,17.136363636363637,17.446338905364303,50.0,48.80924369747899,21.508722310421003
1,Southampton,20.0,17.137931034482758,9.493321479301098,11.0,12.10344827586207,8.86141244621149,972.0,1083.0689655172414,771.3260349662447,0.0,0.7586206896551724,1.0907131485472212,0.0,0.4827586206896552,0.8289705171033531,2.0,2.689655172413793,2.8797748954173246,0.0,0.10344827586206896,0.40925259281898757,0.4,1.0068965517241377,1.3611788573781916,0.5,0.7517241379310345,0.847947391248492,10.0,19.17241379310345,25.22055421040155,21.0,34.0,36.6576828821151,19.0,32.96551724137931,35.422433124686776,0.0,0.0506896551724138,0.08434330503038327,0.0,0.04275862068965518,0.09823065246522514,0.04,0.07689655172413791,0.09277867089692012,0.03,0.055517241379310356,0.05816148743532661,2.37,2.433333333333333,0.1457166199626293,67.5,67.60000000000001,2.651414716712569,0.0,2.766666666666667,4.792007234273894,14.3,14.3,20.22325394193526,28.0,23.228,23.465799936645386,0.1,0.21137931034482757,0.3024037525505433,0.0,0.0576,0.09070464890695148,17.8,17.148,6.22047157912217,242.0,462.62068965517244,440.6773531243128,80.2,81.11379310344829,7.884465927104069,3918.0,7832.896551724138,7813.912118526745,90.8,89.89310344827585,6.801729351237646,89.5,85.61724137931034,10.80115962575703,55.25,53.392857142857146,17.04416764742857,5.0,8.03448275862069,8.13933464559029,12.0,29.655172413793103,36.343869459520135,5.0,6.482758620689655,7.385413663117961,1.0,1.793103448275862,2.554817722668119,21.0,34.0,36.6576828821151,15.0,18.24137931034483,17.831863880652747,1.4,1.4113793103448276,0.8128245467764643,1.0,1.2758620689655173,1.7504397758469141,0.06,0.10793103448275863,0.14241236178147368,12.0,19.17241379310345,18.055606500707043,7.0,11.068965517241379,10.599632859149814,12.0,17.17241379310345,13.416591448962524,10.0,8.96551724137931,6.8006447100923015,7.0,12.310344827586206,13.817957902350585,2.0,5.344827586206897,8.615914933875755,5.0,6.9655172413793105,7.447352159471991,5.0,9.03448275862069,11.59890006675722,429.0,670.8965517241379,581.3452591574369,34.0,86.55172413793103,155.56546307099342,156.0,246.27586206896552,294.9056624646169,186.0,289.13793103448273,282.09771915545394,122.0,141.27586206896552,137.0859731679681,15.0,20.06896551724138,19.25195914795382,5.0,21.103448275862068,29.494969095939794,43.9,48.19615384615384,27.940357632202645,45.05,42.4076923076923,28.160183565835265,253.0,374.48275862068965,329.77672324182953,599.0,1014.4827586206897,1024.4008569713062,10.0,19.17241379310345,25.22055421040155,8.0,14.03448275862069,17.03459244893983,1.0,4.827586206896552,7.15176784097691,9.0,13.551724137931034,13.720647128888201,5.0,10.517241379310345,13.138331840336429,321.0,457.6551724137931,399.49470547734865,19.0,32.96551724137931,35.422433124686776,10.0,13.551724137931034,12.531634846307256,8.0,12.379310344827585,13.885793853286192,0.0,1.4137931034482758,2.598313208043556,5.0,16.20689655172414,24.082268685168152,23.0,42.689655172413794,40.91027067015591,6.0,13.310344827586206,19.51758080785457,7.0,11.310344827586206,12.279784340462818,54.5,54.51379310344828,23.01367177722735
2,West Ham United,20.0,19.76,7.8807783033572685,13.0,14.08,9.928578280230592,1070.0,1262.72,833.1212656830537,0.0,1.32,2.193171219946131,1.0,0.8,1.118033988749895,2.0,2.76,2.5212430796467578,0.0,0.12,0.33166247903553997,1.0,1.6480000000000001,2.062385350348798,1.0,1.1440000000000001,1.2034949106664308,11.0,20.88,27.49896967766853,29.0,40.68,36.86995163182796,18.0,40.36,51.65258948010255,0.0,0.0892,0.14366976021418007,0.03,0.07,0.13051181300301262,0.07,0.1396,0.16493635136015347,0.09,0.1052,0.09987992791347017,1.685,1.685,0.007071067811865481,68.4,68.4,8.768124086713183,18.35,18.35,2.333452377915607,0.0,0.0,,25.0,22.778260869565223,15.024675356400131,0.13,0.3644,0.42048662285499644,0.0,0.049130434782608694,0.06795138927459708,16.7,17.76521739130435,5.538592592449668,424.0,482.88,368.9834368459737,79.1,78.22800000000001,7.760880534234931,7540.0,8512.0,6660.763870107792,89.1,88.428,6.998721311782602,84.7,82.756,10.994509235674567,53.0,52.372,18.871153471193363,9.0,11.16,11.081816938871832,36.0,35.8,31.012094414921414,4.0,8.96,10.849270328767123,1.0,2.44,3.4044089061098406,29.0,40.68,36.86995163182796,14.0,27.76,27.588161712348043,2.37,2.262,1.5865633719878112,1.0,1.96,2.621704280298091,0.11,0.1292,0.15984158824703082,15.0,21.64,19.161332591097796,10.0,12.92,11.557537223243829,20.0,17.84,13.795168236258181,7.0,8.6,7.205322107072429,14.0,15.52,12.616523557092368,4.0,5.84,7.684833548403418,9.0,9.68,7.581336733496716,7.0,11.52,14.092314690402473,617.0,756.04,542.4911274236043,33.0,99.08,161.91122052944118,195.0,278.84,284.5878130442928,318.0,321.56,262.76368977974613,97.0,162.92,166.6490624036031,22.0,28.32,35.740639800279645,11.0,26.68,41.07687914143429,50.0,52.12916666666666,22.614644719674494,42.75,36.645833333333336,22.836526408492976,284.0,383.4,286.5306848024018,695.0,986.24,867.0790659834122,11.0,20.88,27.49896967766853,10.0,13.48,15.340903928169727,2.0,5.96,11.756133151111664,10.0,16.6,18.08544534517559,6.0,13.52,20.786854820615197,361.0,479.24,351.45984597580036,18.0,40.36,51.65258948010255,12.0,14.64,12.848086757697947,11.0,13.8,15.494622723168622,1.0,2.52,3.9908228057214803,11.0,20.56,24.931706720559664,38.0,52.76,44.819341063131816,9.0,19.96,24.7192232887686,11.0,19.16,18.091618685641887,50.0,51.848,16.98690966597515
3,Everton,23.0,20.363636363636363,8.888437939499212,14.5,15.954545454545455,10.011789587078363,1250.0,1431.5,851.8809300880135,1.0,1.4090909090909092,1.9678146183760226,1.0,0.9090909090909091,1.1087999050492516,3.0,3.0454545454545454,2.0113315354397803,0.0,0.09090909090909091,0.29424494316824984,0.8500000000000001,1.613636363636364,1.9317634318699473,0.9500000000000001,1.2363636363636366,1.0825654954542252,11.0,18.454545454545453,18.86727394124615,32.5,39.22727272727273,32.63934496626487,23.0,38.5,38.19592349228608,0.04,0.09681818181818182,0.13109016757420075,0.035,0.061818181818181814,0.08336016883930687,0.055,0.11772727272727272,0.12809712900324682,0.06,0.085,0.07595424687960259,1.19,1.19,,71.0,71.0,,31.3,31.3,,100.0,100.0,,33.3,32.2047619047619,23.332005404389832,0.275,0.3781818181818182,0.40135053392545905,0.06,0.08190476190476191,0.10529098003243428,17.2,17.309523809523814,5.333657728229735,367.0,423.8181818181818,310.6145423823455,73.7,74.30454545454546,7.9054217244048814,6518.0,8010.636363636364,7157.08484513908,86.25,85.56818181818181,7.638834763024827,80.95,79.45454545454547,12.301595996831633,54.4,56.65909090909091,15.602522967255103,8.5,11.727272727272727,9.666741304384194,32.5,38.09090909090909,32.30348512955145,8.0,9.954545454545455,9.347662161138896,1.0,3.272727272727273,4.6412418102406106,32.5,39.22727272727273,32.63934496626487,24.5,27.5,18.783858318602526,1.835,1.9499999999999995,1.1647031095233382,2.0,2.3636363636363638,2.059714602177749,0.11,0.16545454545454544,0.1620031531946883,22.5,28.40909090909091,26.883627679861906,12.5,16.545454545454547,16.241414648470425,18.5,24.545454545454547,21.259680758986622,7.0,11.545454545454545,10.613231960185013,11.5,15.181818181818182,14.042915053629828,3.0,5.590909090909091,9.173767419005598,7.5,9.590909090909092,8.145457927488476,8.5,12.636363636363637,12.045728168092085,623.0,733.6818181818181,476.26237130424903,29.5,93.63636363636364,200.84026949995328,144.0,264.90909090909093,332.64021878226805,269.0,292.8636363636364,215.36000766259482,166.5,183.95454545454547,133.92374421315014,18.0,27.772727272727273,24.379796120444873,16.0,25.09090909090909,28.550555145814574,48.6,47.266666666666666,19.98810479593634,45.7,44.94761904761904,20.56026797120162,300.0,354.6818181818182,224.76535624505252,678.0,941.3636363636364,740.5593475111548,11.0,18.454545454545453,18.86727394124615,10.0,13.590909090909092,10.422773101924419,2.0,4.863636363636363,6.9302336560998095,11.5,19.59090909090909,18.737939844347608,10.0,15.090909090909092,13.215824176267201,404.0,419.90909090909093,255.22332127559133,23.0,38.5,38.19592349228608,14.5,16.954545454545453,13.196237821466111,12.0,14.272727272727273,11.844958011872828,1.0,3.227272727272727,6.078312878248983,6.5,25.90909090909091,33.79618052653019,52.0,58.72727272727273,44.3161604600633,10.0,23.454545454545453,28.00293738457632,14.5,21.681818181818183,22.250492479592793,50.6,48.33181818181818,18.43656786476362
4,Manchester City,21.0,18.16,8.49352694703443,14.0,14.04,8.233468284993876,1277.0,1262.56,726.7182558139938,1.0,2.44,4.4071910933533776,0.0,1.76,2.3678400846904055,2.0,2.2,1.632993161855452,0.0,0.04,0.2,1.1,2.36,4.169432415409401,1.5,1.8920000000000001,2.113827492173064,31.0,38.52,41.82315945342564,55.0,64.52,55.03871364775889,18.0,63.88,72.11467719311143,0.05,0.19399999999999998,0.30177254127350067,0.0,0.10120000000000001,0.14198943622678414,0.07,0.1684,0.25741794809220275,0.07,0.12120000000000002,0.12975361266646876,1.4049999999999998,1.4049999999999998,0.36062445840513924,66.45,66.45,2.899137802864841,25.9,25.9,8.34386001800126,0.0,0.0,0.0,28.75,29.836363636363636,21.497032917182413,0.33,0.4836,0.582965693673307,0.07,0.12636363636363634,0.21362061284849418,18.1,17.404545454545453,4.976849000524927,649.0,724.28,531.4265016600759,87.7,86.624,6.810058736897942,9657.0,11710.16,8648.024021320323,94.4,92.14800000000001,6.060811276828651,91.7,89.39599999999999,7.966778939236775,65.7,61.79200000000001,11.71227703451952,9.0,16.16,15.699469205464665,40.0,55.8,56.13599558215744,11.0,14.6,15.152007567755943,0.0,2.16,3.009429624807111,55.0,64.52,55.03871364775889,31.0,37.24,31.906477921157848,2.25,2.4712,1.7799867040701924,3.0,4.24,4.17612260356422,0.29,0.2916,0.24741463174194042,13.0,16.92,15.451321410589237,6.0,10.36,10.099009852455833,12.0,15.16,14.205867332432282,5.0,7.8,7.499999999999999,11.0,10.96,8.492545751029743,1.0,3.0,4.203173404306164,9.0,7.96,6.281454184077654,5.0,7.6,7.767453465154028,851.0,942.84,629.2256272594116,32.0,71.12,127.99001263119453,189.0,220.8,220.50132274735526,331.0,402.72,349.44974841408407,324.0,326.96,259.5451919544392,19.0,45.2,50.017496938571405,21.0,27.08,38.08424871255832,45.2,48.391304347826086,26.39441940058677,34.9,37.608695652173914,23.72643161776024,563.0,606.64,415.73528035678345,1674.0,1878.52,1404.6033876744946,31.0,38.52,41.82315945342564,22.0,28.92,25.84879107424562,3.0,13.64,21.67925275465001,10.0,15.6,14.271183085738429,9.0,13.4,13.904435743076142,630.0,714.44,487.5186389599205,18.0,63.88,72.11467719311143,8.0,9.76,7.62823701781742,12.0,12.76,10.947906953690586,0.0,1.6,2.273030282830976,3.0,21.4,28.49707587338275,46.0,48.44,33.103474137920934,5.0,10.24,12.991279126142018,8.0,10.52,10.251503954705054,52.1,45.004,22.029553634455088
5,Leicester City,20.0,18.576923076923077,9.108998087267674,13.0,13.538461538461538,9.437079078743674,1242.0,1216.6153846153845,778.9963839157703,0.0,1.0384615384615385,1.799572598830494,0.0,0.8076923076923077,1.132050556087696,2.0,2.8846153846153846,2.405442546841193,0.0,0.0,0.0,0.35,1.073076923076923,1.9356771822404049,0.4,0.8461538461538461,1.0370075290877183,12.5,19.53846153846154,21.43311600160979,25.5,36.15384615384615,33.565091756397514,19.0,35.73076923076923,38.60627689100071,0.0,0.06192307692307693,0.09612571896300098,0.0,0.060384615384615384,0.09210779637927592,0.04,0.0676923076923077,0.08585139217544197,0.025,0.0673076923076923,0.08248916012702238,2.2,2.733333333333333,1.1015141094572205,58.6,54.23333333333333,12.629462907556016,0.0,1.3333333333333333,2.3094010767585034,25.0,25.0,,33.3,32.27619047619048,18.15907224397504,0.22,0.2857692307692308,0.2775777091471587,0.0,0.06095238095238095,0.0744919298920871,17.7,18.333333333333332,5.697660338536629,366.0,455.5769230769231,348.637023057153,77.55,77.91923076923078,8.384701269849474,5350.0,7633.923076923077,5995.718932192048,88.75,88.67692307692307,7.026538703646778,82.85,84.28846153846152,9.04311127535549,51.0,55.07692307692308,18.387763489719084,6.0,8.307692307692308,8.47003768949929,20.5,32.53846153846154,30.625780994751164,5.0,7.346153846153846,8.182626999648988,1.0,2.3076923076923075,3.9473457489227446,25.5,36.15384615384615,33.565091756397514,13.0,19.076923076923077,17.474376845937773,1.395,1.353076923076923,0.985514157100827,1.0,1.8076923076923077,2.3497954084427137,0.05500000000000001,0.12730769230769232,0.15711289424633978,20.0,23.884615384615383,21.016806461642876,12.0,13.73076923076923,12.298154958554369,18.0,22.76923076923077,20.976763701405787,8.0,11.846153846153847,11.449689280298596,14.0,16.23076923076923,13.179704677443096,3.0,6.076923076923077,7.402286549022954,8.0,10.153846153846153,8.412810744060787,8.0,10.76923076923077,11.458822600276845,726.5,710.7692307692307,494.8124741913694,27.5,92.38461538461539,152.3044521799877,133.5,258.2307692307692,262.0664507627495,298.0,323.61538461538464,262.1044184172525,95.5,136.15384615384616,128.18664276988997,14.5,20.807692307692307,23.098085168722072,11.0,21.23076923076923,25.4657537760934,42.45,43.81666666666666,28.552067870999203,50.0,47.824999999999996,25.529577901447702,415.5,402.15384615384613,267.8578268123136,1080.5,1019.6538461538462,705.5444389863868,12.5,19.53846153846154,21.43311600160979,8.0,12.384615384615385,11.950152879614295,2.5,4.538461538461538,5.85307282873377,12.0,16.307692307692307,15.223059431715377,7.0,10.615384615384615,11.903199311368095,458.5,451.38461538461536,307.1489641100001,19.0,35.73076923076923,38.60627689100071,12.5,12.923076923076923,9.951575058946506,10.5,12.461538461538462,11.013558078044605,0.5,2.0384615384615383,4.512035188078826,9.0,21.115384615384617,26.486716554645913,40.0,49.0,36.39340599614167,11.0,16.576923076923077,16.002932423585563,14.5,18.346153846153847,16.326523959967247,50.95,48.5375,19.581331226673424
6,Brighton & Hove Albion,19.0,18.296296296296298,9.058845294113267,9.0,13.037037037037036,9.279760778918824,903.0,1167.7037037037037,813.5407802560368,1.0,1.8148148148148149,2.7461446686783533,1.0,1.1481481481481481,1.5616486284521365,2.0,2.4814814814814814,2.4395833561423865,0.0,0.07407407407407407,0.2668802563418119,0.7,1.8481481481481483,2.529878435870961,0.8,1.2444444444444445,1.3937589829536894,16.0,25.0,29.218013411118623,36.0,47.629629629629626,46.54373307244583,27.0,46.96296296296296,61.175335327414864,0.05,0.1274074074074074,0.15134252014737434,0.04,0.07814814814814815,0.09523400479616338,0.09,0.13333333333333333,0.12508458676493217,0.09,0.09666666666666666,0.07442084075352508,1.05,1.05,0.7778174593052023,69.85,69.85,7.283199846221438,35.0,35.0,21.213203435596427,0.0,0.0,,29.2,30.584,21.17196810250132,0.3,0.4659259259259259,0.6607877540030958,0.06,0.0832,0.09154780172128657,16.1,17.311999999999998,3.758026964600795,314.0,490.44444444444446,450.3137652565012,80.8,79.9962962962963,7.791093607520038,4884.0,8379.592592592593,8669.236601380322,91.8,89.68518518518516,6.426190623217297,82.4,82.37777777777777,9.405944656003186,52.4,54.57777777777778,16.151049819018276,9.0,11.333333333333334,9.719132598207437,22.0,36.629629629629626,45.339020508021356,8.0,10.481481481481481,10.203206020923673,1.0,2.6666666666666665,3.802832952094854,36.0,47.629629629629626,46.54373307244583,22.0,28.62962962962963,22.7175773155572,2.59,2.4392592592592592,1.2143720312158999,3.0,3.185185185185185,2.8828009488241313,0.22,0.2437037037037037,0.20591536999733556,16.0,21.14814814814815,17.999366877121204,10.0,12.703703703703704,10.77323897733073,17.0,21.333333333333332,17.45323421648219,9.0,11.148148148148149,8.654495069054283,12.0,13.592592592592593,11.513401085622117,2.0,3.8518518518518516,5.141862156723616,9.0,9.74074074074074,9.468947600497568,8.0,9.851851851851851,9.168104005416335,569.0,734.2962962962963,572.6756912017895,25.0,81.55555555555556,183.11289777984874,114.0,236.88888888888889,304.9088556542926,246.0,320.85185185185185,300.6982519843419,137.0,184.92592592592592,170.65956348733172,17.0,32.7037037037037,40.34830547849259,12.0,25.88888888888889,30.97807330421028,42.5,45.52692307692307,21.530825487051032,47.15,45.94615384615384,20.395788403868693,334.0,427.1111111111111,357.0272919252633,950.0,1295.2222222222222,1363.2809500311914,16.0,25.0,29.218013411118623,16.0,17.40740740740741,17.416303721732557,2.0,7.666666666666667,14.123085302494582,10.0,17.925925925925927,18.451445484184713,7.0,11.185185185185185,11.688380282067898,384.0,484.55555555555554,394.5025429705826,27.0,46.96296296296296,61.175335327414864,9.0,13.851851851851851,11.749643869246892,8.0,13.25925925925926,14.442439045536789,1.0,1.2962962962962963,1.793467093794647,9.0,20.444444444444443,25.495600424889798,40.0,50.925925925925924,40.603074841810766,13.0,16.51851851851852,16.901002178683804,12.0,14.555555555555555,13.871202414003497,54.15,51.52307692307692,19.93809033367655
7,Crystal Palace,26.0,21.285714285714285,9.006346968348804,16.0,16.142857142857142,11.345861422940589,1428.0,1447.904761904762,951.9287738461269,0.0,1.7619047619047619,3.160771454957822,1.0,1.4761904761904763,2.0885173597326796,2.0,3.0476190476190474,2.906478805637338,0.0,0.14285714285714285,0.35856858280031806,1.0,2.238095238095238,3.108613226259611,1.1,1.7428571428571429,1.977516479974675,11.0,19.19047619047619,20.225278854985035,44.0,45.714285714285715,35.98352797759394,10.0,45.42857142857143,58.87153083500668,0.0,0.09000000000000001,0.1356097341638866,0.04,0.06523809523809523,0.08547625679795809,0.08,0.1380952380952381,0.13779038600784335,0.12,0.10523809523809524,0.07928549978520963,1.29,1.29,,68.5,68.5,,29.0,29.0,,50.0,50.0,,35.5,31.12857142857143,18.61448744545879,0.35,0.5128571428571428,0.4726641816040524,0.0,0.06476190476190477,0.09080853746311784,17.7,18.29523809523809,5.625964467580308,452.0,469.04761904761904,352.4038132867572,75.7,74.22380952380952,6.9590879260076,7210.0,8438.809523809523,6883.693170232442,85.4,84.41428571428571,6.452153571815052,81.8,79.99999999999999,10.527487829487146,46.7,49.68095238095239,18.29949778129496,9.0,14.571428571428571,14.824208001007774,27.0,34.95238095238095,28.89372975314227,4.0,10.285714285714286,10.780272988857273,1.0,2.5714285714285716,3.641035959331198,44.0,45.714285714285715,35.98352797759394,24.0,33.666666666666664,31.692796237210327,2.03,2.2466666666666666,1.5337807318301182,3.0,3.380952380952381,3.1380916251153415,0.17,0.18333333333333332,0.16986268964470488,21.0,30.904761904761905,27.033136632482666,12.0,18.285714285714285,17.020995438407407,23.0,26.61904761904762,19.85315136313676,13.0,13.380952380952381,9.189538565543923,17.0,18.714285714285715,15.981685947179844,2.0,5.380952380952381,6.3204128858500255,11.0,13.333333333333334,11.46443776786866,10.0,12.714285714285714,12.911788633426653,729.0,798.1904761904761,554.3935081733568,24.0,99.95238095238095,196.88612855924518,162.0,300.1904761904762,332.7988309846684,342.0,332.42857142857144,242.10464089491788,114.0,173.23809523809524,166.01834379426413,14.0,29.61904761904762,32.24511775521403,11.0,19.38095238095238,27.64141130708812,41.25,41.54,23.68158067270626,46.75,48.019999999999996,26.228863169376876,358.0,397.85714285714283,279.7417176100636,828.0,970.8571428571429,710.0227662345966,11.0,19.19047619047619,20.225278854985035,9.0,13.619047619047619,12.519888939108807,1.0,4.9523809523809526,7.0176647859255175,13.0,18.952380952380953,18.64262908088929,12.0,13.571428571428571,13.264883823733356,473.0,464.8095238095238,315.8533867235903,10.0,45.42857142857143,58.87153083500668,10.0,16.0,14.553350129781116,18.0,16.19047619047619,13.97003596136763,1.0,3.0,4.743416490252569,7.0,23.238095238095237,29.279523155107498,57.0,66.14285714285714,49.02987427506389,14.0,20.333333333333332,20.264089748452392,19.0,25.666666666666668,23.503900385538852,42.9,40.919047619047625,19.069861537190537
8,Bournemouth,23.0,20.347826086956523,9.173126242415316,15.0,15.26086956521739,10.712004274323386,1470.0,1366.608695652174,915.7972552089362,1.0,2.217391304347826,3.4106320627112034,1.0,1.608695652173913,2.0167284586402126,3.0,3.4347826086956523,2.9515186685150554,0.0,0.043478260869565216,0.2085144140570748,1.0,2.582608695652174,3.423402371101943,1.1,1.7260869565217392,1.7924633611836456,18.0,27.08695652173913,32.04246194643809,41.0,53.73913043478261,48.14770587502242,22.0,52.95652173913044,66.69978755647615,0.03,0.1391304347826087,0.1885088144425338,0.05,0.10260869565217393,0.11997035206872603,0.08,0.18739130434782608,0.20776335732804602,0.1,0.13173913043478258,0.15005005752363393,1.0,1.1066666666666667,0.18475208614068026,80.0,79.86666666666666,4.801388688008221,20.0,14.666666666666666,12.858201014657272,0.0,0.0,,29.9,25.254999999999995,17.19006674614273,0.16,0.5582608695652174,0.6626369647367804,0.065,0.05900000000000001,0.05476264573978372,15.450000000000001,15.300000000000002,4.669385173096865,366.0,455.7826086956522,368.36690658311403,73.3,73.68260869565218,6.675099738710959,6031.0,8322.652173913044,7127.123457791979,88.0,86.68260869565219,7.379988431495802,78.2,81.28695652173914,10.748966307503334,46.5,47.073913043478264,18.64659894388017,10.0,16.565217391304348,15.813762955546958,35.0,44.95652173913044,44.12016469604714,6.0,12.217391304347826,12.827373151829821,2.0,3.608695652173913,5.042898971774638,41.0,53.73913043478261,48.14770587502242,26.0,38.26086956521739,34.50588538904941,2.35,2.6082608695652176,1.9171277099156652,2.0,3.782608695652174,4.010854836782195,0.23,0.2365217391304348,0.21210222011722588,20.0,26.565217391304348,22.368456050585085,10.0,15.304347826086957,13.834853163490244,22.0,24.0,20.54927558997463,12.0,12.652173913043478,10.240777206177334,13.0,16.956521739130434,15.310359715712295,2.0,4.913043478260869,6.549899676388256,8.0,12.043478260869565,11.51867361709816,8.0,13.26086956521739,14.654249744463977,778.0,777.1739130434783,570.289213085137,37.0,81.91304347826087,137.1230081627038,143.0,236.47826086956522,256.03921389385533,270.0,331.8695652173913,294.017980951046,110.0,218.7826086956522,220.02850156735667,19.0,37.30434782608695,45.69009717911699,15.0,25.26086956521739,30.092610677561765,41.7,43.095,19.117957251591612,45.099999999999994,43.175,19.211561075231977,426.0,415.60869565217394,307.9573080108869,978.0,1284.9130434782608,1133.1747002054763,18.0,27.08695652173913,32.04246194643809,14.0,18.304347826086957,18.482017753404367,1.0,8.782608695652174,15.599989865203966,17.0,21.608695652173914,19.611543749061262,7.0,13.173913043478262,16.106611217173704,395.0,451.0869565217391,332.1209956194057,22.0,52.95652173913044,66.69978755647615,14.0,18.91304347826087,17.172687202961306,9.0,14.26086956521739,12.831840338868522,0.0,2.608695652173913,4.726512556697232,10.0,30.347826086956523,38.16067549389289,54.0,68.43478260869566,54.95438280722767,20.0,21.52173913043478,19.553817495725138,22.0,23.130434782608695,19.726088742452184,45.5,49.75454545454545,18.22198377347243
9,Fulham,24.0,22.40909090909091,8.835313834990275,16.5,15.954545454545455,10.665821124495773,1564.0,1433.8181818181818,892.10668998744,0.5,2.090909090909091,3.100062839748512,1.0,1.7727272727272727,2.428635089565412,2.0,3.090909090909091,2.9262212087896846,0.0,0.09090909090909091,0.29424494316824984,0.95,1.9500000000000002,2.5408566234544563,0.75,1.5,1.771466973470078,20.5,30.0,33.8498083275153,46.0,59.31818181818182,45.97554874333837,29.5,58.40909090909091,68.39079518327642,0.015,0.18136363636363637,0.28989810121990983,0.09,0.105,0.11346281119296105,0.07,0.15227272727272728,0.16647413121454144,0.09,0.09954545454545455,0.0784660844373313,1.34,1.34,,68.2,68.2,,15.6,15.6,,0.0,0.0,,31.4,29.833333333333332,18.951605033171553,0.275,0.5809090909090909,0.6798032564885722,0.06,0.07428571428571427,0.0905301843901485,15.4,16.547619047619047,4.347024159999465,594.0,623.9545454545455,469.0520813069216,81.69999999999999,80.34545454545456,7.7859903044921035,10175.0,11152.318181818182,9135.518305135358,90.6,88.37272727272727,6.7055898372130605,85.15,84.87272727272727,8.811312091806803,57.2,60.14090909090908,15.342491853576337,9.0,14.909090909090908,16.053212379633795,44.5,51.77272727272727,44.3255616011282,6.0,12.409090909090908,17.82630237253526,1.0,3.772727272727273,6.472887176389559,46.0,59.31818181818182,45.97554874333837,25.0,35.0,30.545828177471616,2.24,2.480909090909091,1.6517232245111801,2.0,3.8636363636363638,4.155265787676375,0.185,0.23499999999999996,0.20740459654179957,23.0,25.727272727272727,21.54990181876169,12.0,15.590909090909092,13.696225030517718,17.5,21.772727272727273,19.544654166638672,7.5,10.590909090909092,10.504688707833507,14.0,14.227272727272727,10.533085371622478,2.0,4.181818181818182,5.341984325772263,9.5,10.045454545454545,7.876893711702256,8.5,12.136363636363637,13.249601807297758,892.0,920.0454545454545,639.8337192675049,25.0,100.0909090909091,216.1126049277506,149.5,307.54545454545456,364.3385039417951,366.0,384.22727272727275,301.67468000167423,201.0,237.86363636363637,213.61097159590656,25.5,35.54545454545455,35.40611633027652,17.5,25.045454545454547,25.406180861633374,44.8,43.24761904761905,20.1316819726425,39.1,38.22380952380953,17.931673228171007,498.0,543.7272727272727,386.5829772098072,1170.5,1444.0,1153.8192480379485,20.5,30.0,33.8498083275153,15.5,20.636363636363637,21.63670922638621,3.5,8.727272727272727,10.881096838015383,14.5,19.318181818181817,16.85621649813607,7.0,11.045454545454545,11.298871720862316,605.5,617.6818181818181,424.239643234546,29.5,58.40909090909091,68.39079518327642,15.0,16.045454545454547,12.411504926698234,13.0,13.954545454545455,10.594146059778993,0.0,1.6363636363636365,3.0479572323186055,14.5,33.27272727272727,46.673314306981325,52.0,61.90909090909091,42.00556549396202,13.5,20.59090909090909,20.698882166525877,17.0,20.636363636363637,19.819532103807415,49.15,46.39090909090908,20.911421101100053
10,Manchester United,20.0,18.92,10.09504829111778,15.0,14.0,10.173494974687902,1294.0,1249.72,873.5168630312754,0.0,1.44,2.2188585654190156,0.0,0.96,2.1307275752662513,2.0,2.84,2.3923489154664153,0.0,0.12,0.439696865275764,0.8,1.7080000000000002,2.1997954450357424,0.6,1.2520000000000002,1.5658118235173302,9.0,22.32,30.69299594370025,42.0,46.4,54.00308633155455,18.0,46.12,63.660113100747786,0.0,0.0784,0.11628556803547607,0.0,0.0456,0.09083318042800585,0.07,0.1272,0.14670037491431304,0.07,0.084,0.07522189397597838,1.32,1.32,,69.8,69.8,,29.0,29.0,,25.0,25.0,,30.3,28.8952380952381,16.750357494408178,0.25,0.4068,0.47523432816523964,0.04,0.05714285714285715,0.06893060692775432,15.9,15.557142857142857,5.2821938083121704,539.0,554.88,452.23116507674115,81.6,82.57600000000001,6.039679903217829,7845.0,9127.12,8012.446761757609,89.9,89.46799999999999,4.804400760414006,86.5,84.988,9.191224075170837,55.2,59.312,16.20522858010134,7.0,13.0,16.55546234127375,25.0,37.04,38.77765679700963,6.0,10.48,13.291977530325072,1.0,2.36,2.8266588050205144,42.0,46.4,54.00308633155455,25.0,30.12,34.65222455581556,1.89,2.204,1.4027027482684988,1.0,2.36,3.9251326941476345,0.06,0.1356,0.2149240175814079,15.0,27.48,27.05260307869343,9.0,16.44,16.401422702517813,15.0,24.04,23.908645577140778,6.0,10.92,12.037856952132302,10.0,12.6,10.739335795724674,2.0,3.76,5.076744363598914,8.0,8.84,8.148005891014071,7.0,12.88,12.865716717954996,749.0,817.68,638.7411264876145,21.0,84.6,188.54994917351036,143.0,287.6,319.4283957321265,313.0,349.0,298.45770219580527,126.0,188.76,210.98188705826541,20.0,31.32,35.161200207046406,6.0,21.12,24.483531880293196,48.8,47.62173913043479,27.364790857160344,50.0,46.72173913043479,24.956761818679688,516.0,500.16,387.9680699920205,775.0,1243.76,1073.1701589216875,9.0,22.32,30.69299594370025,10.0,15.44,17.53586800436941,1.0,7.64,15.091056954368703,8.0,16.4,17.068489485989478,6.0,12.08,13.316405921519015,552.0,548.96,422.1935259254141,18.0,46.12,63.660113100747786,9.0,13.68,11.179296340408312,7.0,12.08,10.870142593360955,1.0,2.32,3.0512292604784714,6.0,20.24,34.84881633570931,53.0,57.64,50.17708640405499,10.0,15.76,15.987703608294304,13.0,16.48,17.246062352510112,46.7,47.96666666666666,22.994303012148308
11,Ipswich Town,17.5,16.633333333333333,8.397386019114698,9.5,11.733333333333333,9.149838262498688,943.0,1051.5333333333333,754.796557807573,0.0,1.0666666666666667,2.2884015402012388,0.0,0.8,1.0635010497214474,2.0,2.7,2.365703219792781,0.0,0.1,0.30512857662936466,0.55,1.0233333333333332,1.7044937226562944,0.4,0.6933333333333332,0.9533727184212295,7.5,14.2,17.644770642728194,19.5,26.433333333333334,24.669796322116497,14.5,26.066666666666666,34.8097621398062,0.0,0.09000000000000002,0.14593338111665177,0.0,0.07600000000000001,0.12609793676017234,0.045,0.09566666666666666,0.11646172475682014,0.035,0.060333333333333336,0.06321737721235511,2.25,2.25,0.41999999999999993,63.3,63.63333333333333,6.206716791777544,5.6,7.433333333333333,8.499607834090543,0.0,0.0,0.0,23.6,29.13333333333333,24.521111873979773,0.09,0.31299999999999994,0.4079819975744366,0.07,0.07166666666666668,0.07458095494547995,16.1,16.5875,5.272926132613655,195.5,324.8,294.2495305126188,75.2,75.09666666666665,8.329444379918801,4099.5,5771.666666666667,5311.512261658361,87.0,87.10666666666665,7.0080216763429,84.5,81.34333333333333,11.795284953168226,48.7,46.667857142857144,16.63218774882515,4.5,7.833333333333333,10.828071224220018,16.5,24.666666666666668,27.125930250482153,3.5,4.633333333333334,5.910151018161149,0.0,1.4,2.7618085029372605,19.5,26.433333333333334,24.669796322116497,11.5,18.2,20.44234955117473,1.395,1.5910000000000002,1.269833956020262,1.0,1.7333333333333334,2.0160277319749236,0.1,0.14833333333333334,0.18442984524228165,11.5,16.866666666666667,15.316732642785624,7.0,9.566666666666666,8.692776760971833,12.0,17.533333333333335,16.181584538014796,6.5,9.333333333333334,9.39307644265026,8.0,12.166666666666666,12.849482300945,2.0,5.133333333333334,8.865793751863096,5.0,7.033333333333333,7.256309185013118,5.0,9.1,9.177746699640311,369.0,539.6333333333333,442.55835253929945,24.5,83.83333333333333,124.60450075818049,105.5,217.93333333333334,234.74842489036163,141.5,213.9,203.00133344219773,100.0,113.63333333333334,119.77060929366067,11.5,16.866666666666667,20.575736184647923,7.0,17.4,25.390196316009792,49.05,44.83181818181817,12.372372693247083,46.65,45.47727272727272,9.39026506133229,205.5,268.3333333333333,213.54549435874205,544.5,727.2333333333333,589.801175343676,7.5,14.2,17.644770642728194,6.5,9.433333333333334,10.510038988520922,1.5,4.266666666666667,7.413563214826585,11.0,15.633333333333333,19.7300459361776,5.0,9.9,13.64664920347697,236.5,321.7,268.7693729986156,14.5,26.066666666666666,34.8097621398062,8.0,12.266666666666667,13.982583583807425,7.5,11.333333333333334,11.167481527997301,0.5,1.4666666666666666,2.7759227522459593,5.5,14.4,28.5579869859494,33.5,41.166666666666664,33.78234933270304,7.0,15.433333333333334,20.77744687998443,12.0,15.3,16.362594010688547,55.25,52.526666666666664,26.674473569873598
12,Newcastle United,26.0,20.954545454545453,9.073652452632778,15.5,15.5,10.966398896716495,1531.0,1387.5,916.2518238791696,0.0,2.5,4.6675169293441545,0.5,1.8636363636363635,2.730697705113101,2.0,2.409090909090909,2.5571392294830253,0.0,0.045454545454545456,0.2132007163556105,0.55,2.4272727272727277,3.881602739441509,0.6499999999999999,1.7500000000000002,2.1542317158825526,15.5,27.227272727272727,30.056980519042128,52.5,56.31818181818182,54.83949425250136,26.0,55.68181818181818,62.90157569654534,0.0,0.1318181818181818,0.22001377367351482,0.02,0.09999999999999999,0.1336662510384228,0.11,0.14727272727272725,0.16725178675625613,0.07,0.09818181818181816,0.0964432408274354,1.2650000000000001,1.2650000000000001,0.09192388155425125,70.85,70.85,0.21213203435596226,36.9,36.9,18.526197667087544,0.0,0.0,,25.75,22.94,17.574005923821876,0.2,0.3577272727272728,0.4244091895484359,0.0,0.07150000000000001,0.09734772183964258,14.8,15.745,3.785495170279646,422.0,559.6818181818181,455.4359906270491,81.8,80.15454545454544,5.813262936942211,7061.5,9388.545454545454,8010.816341061406,88.5,88.60909090909094,5.457533813424827,85.85,86.32272727272726,8.593459961654219,51.5,52.647619047619045,12.105726704647642,9.0,14.318181818181818,15.369686812920836,25.0,41.22727272727273,43.696934422474975,7.5,13.409090909090908,16.013860338585538,0.5,2.5,4.1144345211184765,52.5,56.31818181818182,54.83949425250136,29.5,33.68181818181818,31.764589994035454,2.2,2.0959090909090907,1.4206760935450988,2.5,4.363636363636363,5.0289206883826765,0.16999999999999998,0.2218181818181818,0.21879837127530746,21.0,23.40909090909091,20.55111882230466,13.0,14.681818181818182,13.105383712470317,26.5,23.272727272727273,21.24053137659633,9.0,11.136363636363637,10.329317750694146,16.0,16.318181818181817,13.119909856094083,2.5,5.409090909090909,6.95330747547416,10.0,10.909090909090908,9.521449924145411,6.0,10.590909090909092,10.983360102181805,761.0,844.7272727272727,640.809546167092,25.0,86.95454545454545,131.22589657051665,131.5,284.04545454545456,305.8975049747604,254.0,352.95454545454544,309.48859156952506,152.0,216.3181818181818,200.59943179040175,25.0,38.31818181818182,41.76052631901995,9.0,25.227272727272727,28.731817137405635,43.349999999999994,43.175,22.40962845226179,43.75,42.58,18.97598482292817,416.0,484.8181818181818,374.74392988681353,1462.0,1311.3181818181818,991.2634259638958,15.5,27.227272727272727,30.056980519042128,15.5,17.136363636363637,15.75797743410787,3.5,9.772727272727273,14.803255170278044,15.5,17.5,16.4309522084446,7.0,17.318181818181817,19.96279006083536,513.5,555.2272727272727,436.1209893091793,26.0,55.68181818181818,62.90157569654534,9.0,14.636363636363637,14.984263029196281,9.0,16.90909090909091,22.59774344172463,2.0,2.8181818181818183,4.147705775903493,10.5,24.318181818181817,35.46478651072191,45.0,62.68181818181818,53.190928660579814,8.0,17.227272727272727,25.429513820759006,9.5,16.954545454545453,18.017127493495824,50.0,47.83181818181818,24.686961786560172
13,Liverpool,26.0,23.0,8.330666239863412,17.0,16.761904761904763,11.251243317539453,1501.0,1502.095238095238,920.8717014200136,1.0,3.5238095238095237,6.217869792935903,2.0,2.6666666666666665,3.928528138289623,2.0,2.761904761904762,2.2782616597915597,0.0,0.09523809523809523,0.30079260375911915,1.6,3.3904761904761904,5.195662110059195,1.2,2.4619047619047616,2.9459253538533847,21.0,33.19047619047619,34.6693222426096,60.0,76.57142857142857,63.395245427848465,51.0,75.80952380952381,101.73230511868837,0.04,0.1676190476190476,0.24470195671274808,0.15,0.15428571428571428,0.16206700554312184,0.07,0.18428571428571425,0.21010881534508322,0.11,0.1361904761904762,0.12056020033477842,1.035,1.035,0.23334523779156066,69.85,69.85,3.181980515339464,38.2,38.2,2.545584412271572,100.0,100.0,,33.3,31.57222222222222,14.536558600566792,0.35,0.5095238095238096,0.4736821317136228,0.08,0.0761111111111111,0.07220386896012192,15.05,15.533333333333335,3.9548927255474626,564.0,733.8571428571429,594.2984339298132,84.3,82.83809523809525,7.635867743123645,10648.0,12474.190476190477,10532.07683042166,92.3,91.30000000000001,5.993746741396404,89.4,86.74285714285716,9.844164333683759,60.2,60.400000000000006,14.90080534736294,10.0,20.095238095238095,20.801213334574406,34.0,63.80952380952381,66.39700222722337,8.0,17.571428571428573,21.765962943484556,1.0,3.2857142857142856,5.710891849289892,60.0,76.57142857142857,63.395245427848465,33.0,45.523809523809526,42.009069315588334,2.55,2.542380952380952,1.478979055841917,4.0,6.190476190476191,6.153202805198669,0.36,0.3633333333333334,0.28311364031662856,24.0,26.38095238095238,22.087272784289578,15.0,16.095238095238095,13.442115763170476,19.0,26.952380952380953,26.26875747056985,9.0,12.857142857142858,13.410017577489278,9.0,14.523809523809524,14.091199550141384,2.0,3.8095238095238093,4.388838657538548,8.0,10.714285714285714,12.235778917350776,6.0,12.142857142857142,15.304527808089064,726.0,1038.3809523809523,769.5496394769136,26.0,93.28571428571429,141.8538483288849,155.0,283.76190476190476,299.04128557139137,264.0,468.76190476190476,438.8735472504472,183.0,294.9047619047619,268.7037224829431,39.0,52.0,67.88519720822795,16.0,26.714285714285715,33.710744366066514,48.55,54.775,20.891445617764223,42.15,38.265,19.3140874411454,465.0,598.3333333333334,431.7097790568721,1318.0,1627.142857142857,1177.9949187375253,21.0,33.19047619047619,34.6693222426096,16.0,22.571428571428573,20.553762255537134,5.0,13.142857142857142,24.73921121274022,19.0,21.333333333333332,23.43359411898511,10.0,13.666666666666666,15.36012152729702,520.0,725.7619047619048,536.5339602263685,51.0,75.80952380952381,101.73230511868837,15.0,17.428571428571427,15.683020846034184,11.0,14.238095238095237,12.825384056256413,1.0,2.4761904761904763,4.190692635102789,6.0,28.666666666666668,41.896698358383006,58.0,64.57142857142857,45.94950644846082,9.0,16.666666666666668,24.023599508261317,12.0,14.857142857142858,12.260855248659102,45.9,51.03809523809524,21.91007704665769
14,Aston Villa,19.5,17.714285714285715,9.46282059139734,9.0,12.571428571428571,10.692429206127217,895.5,1129.2857142857142,858.0086271319213,0.5,1.7142857142857142,3.1488639086730816,0.0,1.3571428571428572,2.0943360251505454,2.0,2.2857142857142856,2.157796249900499,0.0,0.07142857142857142,0.262265264156481,0.8,1.782142857142857,2.8368022648656868,0.4,1.2964285714285715,1.8294873078334841,16.0,22.0,21.788546090566502,33.0,40.75,43.394508101064275,18.5,40.392857142857146,48.378399898297346,0.02,0.1717857142857143,0.30168727457453626,0.0,0.09035714285714287,0.1257122564771289,0.08,0.1867857142857143,0.24473800914793173,0.055,0.09142857142857143,0.11161157134071206,1.7,1.7,0.42426406871192857,60.7,60.7,7.212489168102781,58.05,58.05,59.32625894155133,50.0,50.0,,26.7,29.528,22.678009171882792,0.165,0.46214285714285713,0.6679341126458349,0.04,0.07640000000000001,0.09082400563727633,16.6,16.972,4.664004002285304,382.5,454.14285714285717,391.3402151851557,82.15,81.25714285714287,7.220876553511921,5419.5,7744.107142857143,7242.589143849991,91.35,90.01428571428572,5.621895968951603,86.30000000000001,86.41428571428571,7.777589566883783,53.55,53.96785714285714,15.23990992418769,6.0,10.892857142857142,13.736513347345422,20.5,35.035714285714285,42.6097555712453,7.0,9.678571428571429,11.62390121108569,0.0,1.7857142857142858,3.5103776609862547,33.0,40.75,43.394508101064275,17.5,26.035714285714285,26.93817632868536,1.825,2.1175,1.455967604950971,2.0,3.142857142857143,3.4287918800378887,0.19,0.24000000000000002,0.22532281369264495,10.0,19.75,19.109092270628853,6.0,11.178571428571429,11.261384598209185,10.0,16.535714285714285,17.515035113480504,4.5,7.107142857142857,7.465174879320374,8.0,10.035714285714286,8.443635090704332,2.0,3.3214285714285716,4.05566427338515,5.5,6.714285714285714,5.842736185860708,5.0,7.571428571428571,7.9973540597920225,630.5,666.25,525.5580191391637,27.0,78.5,172.0677084647096,125.5,222.03571428571428,272.5931009347975,226.0,285.57142857142856,275.21916230812724,112.0,165.17857142857142,158.71895813656815,17.0,29.071428571428573,35.303896093279555,16.0,22.607142857142858,28.087613304871976,50.0,50.74074074074074,25.02834176963971,42.1,38.91851851851852,22.84997958317615,350.5,378.67857142857144,291.8336732749373,994.0,1099.0,863.5527820622243,16.0,22.0,21.788546090566502,12.5,14.107142857142858,12.449421482064748,2.0,6.607142857142857,9.967871668940447,7.0,15.214285714285714,19.122135985712596,7.0,11.75,14.336240015351926,435.0,445.75,354.3179807481995,18.5,40.392857142857146,48.378399898297346,8.0,12.642857142857142,12.92489497260655,8.5,15.071428571428571,16.211401044003686,1.0,1.7142857142857142,2.462415899780552,4.5,18.571428571428573,32.84579974435942,36.5,42.892857142857146,33.63347019652176,8.0,11.25,10.919316896284377,8.0,12.678571428571429,13.007273097738567,50.0,41.25769230769231,23.51646526290757
15,Wolverhampton Wanderers,24.0,20.782608695652176,8.25698889502997,15.0,15.26086956521739,9.8221335920662,1364.0,1370.0434782608695,792.207702233613,1.0,2.0,3.668043818514912,1.0,1.565217391304348,1.9731397903876622,2.0,3.0434782608695654,2.6020666763444575,0.0,0.08695652173913043,0.28810406552003043,0.7,1.6565217391304345,2.2910549548895833,0.9,1.3130434782608695,1.6709562716181652,12.0,21.82608695652174,25.5087367812268,30.0,43.0,38.10153898108675,28.0,42.34782608695652,44.54987878327778,0.07,0.11608695652173913,0.1591951098619319,0.04,0.10347826086956523,0.13261731326887952,0.07,0.11565217391304347,0.13041284400481007,0.07,0.0808695652173913,0.07925293475944087,2.095,2.095,0.47376154339498694,61.5,61.5,0.0,12.0,12.0,16.97056274847714,10.0,10.0,14.142135623730951,28.6,31.652380952380955,17.18215990635691,0.25,0.36260869565217385,0.40994697430171434,0.07,0.09333333333333334,0.11019679366176376,18.3,17.56190476190476,4.800153767378311,465.0,510.4782608695652,364.84503180556203,80.4,77.56521739130436,8.865080048638855,9467.0,8755.08695652174,5753.676428740177,90.4,88.17826086956522,6.96778016833972,86.3,84.41304347826085,9.714015383025705,56.8,51.1086956521739,18.902066097831696,10.0,11.391304347826088,11.59835070733916,22.0,36.869565217391305,31.328616526088968,4.0,10.043478260869565,11.44742234133386,1.0,2.4782608695652173,2.998023064035719,30.0,43.0,38.10153898108675,18.0,27.26086956521739,25.18696883726754,1.79,1.7969565217391306,1.0476312449027294,3.0,3.5652173913043477,3.4618188461154578,0.19,0.25217391304347825,0.23139805376998646,19.0,29.0,24.9162232655389,12.0,17.08695652173913,15.791001590313911,17.0,24.26086956521739,21.084715255163026,7.0,11.0,12.056684302229879,13.0,16.608695652173914,11.888646724863879,4.0,5.478260869565218,5.509244835376849,9.0,11.130434782608695,9.822535998342545,9.0,11.391304347826088,9.193570532194483,674.0,797.7391304347826,510.3996845068226,55.0,95.21739130434783,137.95584159160862,304.0,281.04347826086956,228.0712564610355,296.0,359.0,282.38255805008407,119.0,167.6086956521739,169.96276039458942,19.0,26.217391304347824,29.034394214979415,13.0,25.391304347826086,31.443656869267812,46.7,43.51428571428571,24.30677448190701,41.4,41.32380952380953,22.578128903031462,390.0,436.7391304347826,272.1575775824975,938.0,1226.1739130434783,833.5826649400392,12.0,21.82608695652174,25.5087367812268,12.0,16.52173913043478,19.59561538437847,2.0,5.304347826086956,7.985411599847082,15.0,21.304347826086957,21.141159301249083,10.0,12.91304347826087,13.571068972025685,443.0,506.30434782608694,326.75838095707917,28.0,42.34782608695652,44.54987878327778,14.0,18.217391304347824,16.37058482250497,8.0,15.391304347826088,14.892765572692065,1.0,2.4347826086956523,3.2728370644737095,10.0,19.91304347826087,27.89087997483677,42.0,60.43478260869565,45.89199384221859,10.0,16.304347826086957,16.023944533696202,14.0,17.52173913043478,18.724970118236605,40.9,46.986956521739124,23.759042380989605
16,Nottingham Forest,28.0,23.333333333333332,9.264628073124864,18.0,16.761904761904763,11.894976931061118,1742.0,1503.904761904762,988.996254025358,1.0,2.380952380952381,4.055566427469664,1.0,1.7142857142857142,2.390457218668787,2.0,3.1904761904761907,2.619523766241635,0.0,0.09523809523809523,0.30079260375911915,1.4,1.9095238095238096,2.4770758490415186,1.1,1.3904761904761906,1.3615817132676105,13.0,25.523809523809526,32.19102211427753,34.0,43.95238095238095,39.85031516873636,19.0,43.523809523809526,54.34852256282506,0.04,0.1280952380952381,0.1715406379730193,0.06,0.09857142857142856,0.1168454412583441,0.08,0.1219047619047619,0.1408765078932271,0.07,0.09285714285714286,0.08603155567248898,1.19,1.19,,74.5,74.5,,40.6,40.6,,0.0,0.0,,38.9,40.9421052631579,25.41922535294614,0.32,0.46095238095238095,0.43377303698944636,0.06,0.0836842105263158,0.08623034567146233,18.9,18.678947368421053,6.1145163293199625,418.0,422.42857142857144,310.0010599060222,78.0,74.07142857142856,8.559038664309377,6008.0,7209.666666666667,5757.437175804295,88.1,85.96190476190478,7.6497370013926735,81.6,78.3952380952381,11.577455514510783,46.0,46.699999999999996,18.339356586314583,11.0,13.761904761904763,14.243962797988353,26.0,37.04761904761905,34.08148498888537,8.0,9.476190476190476,9.912714298410137,1.0,2.3333333333333335,3.1358146203711303,34.0,43.95238095238095,39.85031516873636,29.0,32.666666666666664,30.43572462310259,1.75,2.051904761904762,1.320808915201662,2.0,3.8095238095238093,4.697010193932387,0.18,0.23619047619047623,0.24779984242279474,21.0,27.571428571428573,23.79195542314971,13.0,16.857142857142858,14.940835700474436,20.0,26.19047619047619,24.549173199150818,7.0,12.952380952380953,12.721934563878996,11.0,17.714285714285715,17.27756596613903,4.0,6.476190476190476,9.703705723171161,8.0,11.238095238095237,10.1237580073052,12.0,12.80952380952381,10.55281501599951,886.0,747.7619047619048,509.1046950050554,31.0,99.38095238095238,164.4245955416878,159.0,256.5238095238095,266.5778721213783,254.0,298.42857142857144,238.94488306481296,158.0,202.42857142857142,192.43273407312267,21.0,31.523809523809526,29.6995270124274,11.0,24.714285714285715,26.488002675065665,40.0,49.32222222222222,25.03352001183626,38.45,39.32222222222222,22.701400722669995,371.0,342.76190476190476,245.0424258698695,849.0,1062.4761904761904,936.7811173933651,13.0,25.523809523809526,32.19102211427753,10.0,16.285714285714285,17.076717650482067,2.0,7.666666666666667,12.013880860626733,17.0,22.857142857142858,21.87529591636583,9.0,12.714285714285714,11.853872182299153,461.0,419.4761904761905,299.93976379393564,19.0,43.523809523809526,54.34852256282506,12.0,16.0,12.680693987317888,10.0,16.714285714285715,15.611351181569317,1.0,3.5714285714285716,5.436648127030373,8.0,23.238095238095237,34.92549893974997,50.0,63.142857142857146,49.07064877733502,14.0,22.523809523809526,24.152886054505053,19.0,22.523809523809526,24.778254675458978,43.8,47.54761904761905,17.77860003058787
17,Tottenham Hotspur,19.0,17.74074074074074,9.079107854310324,14.0,13.0,7.927556612611092,1252.0,1167.7777777777778,680.0686805436715,0.0,2.111111111111111,3.190530861704237,1.0,1.5925925925925926,2.257623993685861,2.0,2.2962962962962963,2.3503651895432176,0.0,0.037037037037037035,0.19245008972987523,0.7,1.977777777777778,2.8772761335537385,0.6,1.4814814814814814,2.011512449919795,15.0,26.88888888888889,28.29831923975118,45.0,53.18518518518518,45.38725425714634,30.0,52.81481481481482,67.90153336720927,0.0,0.1451851851851852,0.2240942516403168,0.05,0.12,0.15879352825409673,0.08,0.14592592592592593,0.16955278867700216,0.07,0.10629629629629628,0.11516370115048433,1.75,1.7133333333333336,0.4461315202194678,69.0,65.06666666666666,7.605480480109944,20.0,19.766666666666666,5.353814839283604,0.0,0.0,,37.5,34.80416666666667,20.608851605384363,0.3,0.41888888888888887,0.4146298936617435,0.065,0.08166666666666667,0.0995497108360252,16.6,15.862499999999999,5.179710626464866,659.0,542.1111111111111,357.33482825940644,84.8,81.38518518518521,8.282776555261373,9970.0,8936.333333333334,6139.7574557456755,91.4,89.9962962962963,6.635712325189968,90.1,84.95925925925928,10.771374430522185,55.6,55.562962962962956,14.822959014991373,6.0,12.666666666666666,16.893330500070594,36.0,42.25925925925926,37.897221932477194,7.0,12.481481481481481,16.2062912056977,1.0,2.7037037037037037,4.366082690774198,45.0,53.18518518518518,45.38725425714634,15.0,28.962962962962962,35.36891451486904,1.7,1.9462962962962962,1.5563447021495052,2.0,3.6296296296296298,4.4819994520659066,0.26,0.26407407407407407,0.2655366012618347,12.0,21.37037037037037,20.009897835721485,6.0,13.592592592592593,13.471506281091267,14.0,19.40740740740741,17.16718528799205,8.0,9.555555555555555,8.186918896974674,15.0,13.74074074074074,11.261208408284379,4.0,4.666666666666667,4.835764198615911,9.0,9.074074074074074,8.380040049132894,9.0,9.88888888888889,10.16530045465127,833.0,784.5925925925926,498.96070904810654,42.0,80.03703703703704,106.51452825481005,207.0,254.22222222222223,214.1820457413476,359.0,331.48148148148147,247.68223599703316,130.0,206.7037037037037,221.09270850705536,20.0,33.407407407407405,41.250882749770675,19.0,25.88888888888889,28.062201971462958,42.95,43.715384615384615,24.813265682818816,48.4,43.18461538461539,23.862568048015156,564.0,494.4074074074074,303.9198096739512,1378.0,1352.6296296296296,844.4539040180914,15.0,26.88888888888889,28.29831923975118,17.0,18.40740740740741,16.81862351282342,4.0,8.296296296296296,11.694228737073075,13.0,16.814814814814813,17.47093638685741,10.0,13.555555555555555,15.61885776709417,587.0,537.8888888888889,333.06586705165665,30.0,52.81481481481482,67.90153336720927,10.0,13.777777777777779,12.388994288770153,10.0,15.296296296296296,14.935282992386789,1.0,1.9259259259259258,2.8813181535530403,10.0,24.074074074074073,39.28781953141156,56.0,53.370370370370374,39.34966342163566,8.0,13.074074074074074,13.035236051463698,11.0,13.148148148148149,12.66340488817377,50.0,50.67037037037038,22.98832169761278
18,Chelsea,19.0,18.52,10.120606042459448,13.0,14.08,10.479821881437998,1172.0,1260.32,917.4276411067342,1.0,2.16,3.4360830412937733,1.0,1.64,2.079262689833426,3.0,3.6,3.068658773253661,0.0,0.04,0.2,0.7,2.464,3.9975909412211412,1.1,1.8799999999999997,2.289650628371062,12.0,29.12,36.45353206480821,32.0,54.88,58.456051868048704,11.0,53.56,70.2567197260637,0.03,0.1192,0.14985882245188858,0.06,0.10640000000000001,0.10961599639955232,0.08,0.1592,0.18670207997413063,0.09,0.1392,0.14387262885390442,1.325,1.325,0.2474873734152917,74.1,74.1,3.8183766184073504,21.799999999999997,21.799999999999997,7.212489168102785,10.0,10.0,14.142135623730951,28.9,28.80454545454545,22.009012813428164,0.25,0.43560000000000004,0.49378706611926027,0.065,0.085,0.1114728239356592,14.85,15.068181818181818,4.572733512341582,420.0,622.24,540.1581003126153,84.9,84.148,6.627287026629625,7109.0,10755.88,9693.800296753247,92.2,91.024,5.787434664857999,91.2,88.68799999999999,7.428846927125815,58.8,59.82,13.770862960129502,6.0,16.08,20.35706265648362,26.0,51.84,54.70045703648187,5.0,12.16,15.807909412695912,0.0,2.56,4.865524980239371,32.0,54.88,58.456051868048704,15.0,37.32,44.26785891968725,1.74,2.2324,1.6217795781178157,2.0,3.8,4.213074886588179,0.18,0.22759999999999997,0.21354702838797204,12.0,19.44,21.899543374234995,8.0,12.24,13.417277418810915,12.0,18.48,20.62991355612847,6.0,9.32,10.979981785048645,9.0,11.96,12.377668062549853,1.0,3.52,5.213124462994018,6.0,8.44,9.115371632577578,7.0,9.2,10.157099323461727,703.0,863.12,699.3521001612851,19.0,80.12,165.8061920838101,120.0,259.0,306.6641757145211,239.0,387.76,381.1524498150314,118.0,223.28,241.40828486197407,12.0,38.88,48.10866172877119,13.0,26.36,31.26083812056228,40.5,44.630434782608695,19.381303896060825,40.8,39.25217391304348,23.746729335851654,360.0,498.44,383.0762630773842,1204.0,1407.36,1071.877203787822,12.0,29.12,36.45353206480821,11.0,16.84,17.99925924401705,1.0,10.68,19.48229965892117,6.0,15.32,17.32224003990246,5.0,10.32,10.919096421713048,442.0,617.0,493.7607382798542,11.0,53.56,70.2567197260637,8.0,14.8,14.82958754202782,11.0,15.16,15.563525735942141,1.0,2.12,3.7674040576149155,3.0,22.44,37.2335869880945,38.0,52.36,46.10303677633394,8.0,13.68,15.858015848985227,9.0,13.52,13.711673858431727,43.25,48.32916666666666,24.543386236846263
19,Brentford,25.0,22.35,10.132153093779698,20.5,17.6,11.997368132439012,1879.0,1573.35,1008.5519726711893,0.5,2.6,4.7506232278124925,1.0,1.65,2.3680993933621335,2.0,2.25,1.5517392618742702,0.0,0.05,0.22360679774997894,0.9500000000000001,2.4300000000000006,3.7073327055274774,1.2,1.7449999999999999,2.11597308708385,12.0,25.15,30.860083228048907,51.0,57.05,50.37279445348085,30.5,56.0,72.29471845017085,0.015,0.11299999999999999,0.18350677601141943,0.065,0.07750000000000001,0.09430493652313,0.065,0.124,0.15756034767001098,0.07500000000000001,0.09100000000000001,0.08194349786349898,1.375,1.375,0.19091883092036785,62.0,62.0,16.97056274847714,58.05,58.05,59.32625894155133,0.0,0.0,,33.3,32.411764705882355,16.37963225903367,0.185,0.325,0.36371619937007277,0.06,0.08,0.08268917704270615,15.1,15.923529411764703,4.263292362095976,450.0,562.4,408.05642024757213,77.35,76.93500000000002,7.925128257305167,7380.0,10275.2,8649.449855337622,87.15,86.97,7.752833098463527,82.45,82.44,9.951746739035048,55.25,55.55499999999999,13.973564326971125,8.0,13.5,15.902664457319888,42.0,46.35,36.845731024595544,7.0,13.65,17.403190874997005,2.0,3.7,5.037752213876845,51.0,57.05,50.37279445348085,21.0,32.3,32.807412512867785,1.655,1.811,1.1551208640338533,2.0,4.4,5.082477638649128,0.195,0.2325,0.21681607534109595,27.0,26.0,21.29986409642831,17.5,15.55,12.381969063712639,24.0,24.4,19.432474176789192,10.5,11.6,9.751653031261174,19.0,20.75,18.020091126587744,3.5,8.45,12.115561980579487,12.5,12.3,9.520614752375915,8.5,12.35,11.44908638046584,758.5,902.95,607.5674946261656,47.0,141.55,272.4497974036008,221.5,354.4,394.50000333533444,324.0,334.55,251.6887122910697,153.0,222.2,215.9935671556715,27.5,41.0,42.30465944226848,13.0,25.85,31.312138221462938,47.5,47.83888888888889,19.62073149949215,42.9,42.40555555555555,16.157368460103754,415.5,476.15,325.59245998640694,1181.0,1320.4,1045.8844859231526,12.0,25.15,30.860083228048907,9.5,15.55,18.236675020120135,1.0,8.85,16.69943270388485,14.0,21.7,23.51729486770825,8.0,12.4,12.75848530854745,508.0,554.3,370.7615349378542,30.5,56.0,72.29471845017085,10.5,12.65,9.975100579891281,10.0,14.35,12.938213494182751,1.0,3.05,4.418561328139094,12.5,28.2,41.764502681230695,55.0,68.65,51.819804180092746,15.5,26.6,28.908931419017787,17.5,23.6,22.504736343595248,55.6,54.58,19.844118842407163
20,Arsenal,21.5,21.272727272727273,7.765502578908225,15.0,16.0,9.783367810436532,1355.5,1429.7727272727273,849.3817881717985,2.0,2.5,2.558831578595795,1.0,2.0,2.5260547066428276,2.5,2.8636363636363638,1.8846612565519705,0.0,0.22727272727272727,0.5284134548067254,1.65,2.3272727272727276,2.420386001915479,0.8500000000000001,1.768181818181818,2.009355822772767,21.0,32.04545454545455,29.67358497083972,53.0,69.5,56.291545504081654,50.0,68.5,69.64313797257176,0.095,0.15318181818181817,0.16214004421916856,0.08,0.1304545454545455,0.17089337451915876,0.1,0.15227272727272728,0.14188968948688266,0.08499999999999999,0.1209090909090909,0.12447639251830964,0.84,0.84,,76.5,76.5,,34.4,34.4,,0.0,0.0,,30.4,29.261904761904763,23.613840775919456,0.23,0.40090909090909094,0.4075000331978845,0.1,0.14619047619047618,0.2195330542418656,15.0,14.62857142857143,5.152197866652916,419.0,637.4545454545455,513.9171442643562,82.25,81.70454545454547,6.329107156826894,6499.5,10446.772727272728,9095.22456557662,91.15,90.50454545454545,5.025693723516924,85.9,84.41363636363639,8.27976854142476,52.0,54.95000000000002,10.079009305057149,10.0,15.818181818181818,15.813304716617777,34.5,52.31818181818182,49.325340115291425,9.0,16.272727272727273,15.919983902186818,1.5,2.8636363636363638,3.616041699947275,53.0,69.5,56.291545504081654,23.0,35.95454545454545,30.34009962115558,2.25,2.409545454545454,1.387342362637583,3.0,4.409090909090909,5.058317910786163,0.24,0.27681818181818185,0.3037603435610816,18.5,23.045454545454547,19.816965489502202,11.5,13.5,12.046536747922516,20.0,19.727272727272727,13.99721679199397,10.5,9.772727272727273,6.872525135028735,10.0,12.454545454545455,10.495927884875266,1.5,4.0,6.590035768383312,7.5,8.454545454545455,6.829399141995776,6.0,8.818181818181818,8.261421321484715,724.0,906.3636363636364,625.9278480748967,23.0,69.72727272727273,155.32214812115396,113.5,230.63636363636363,306.32981688036296,265.5,391.8181818181818,357.76976320421977,223.5,290.90909090909093,215.68714315634054,34.5,48.40909090909091,44.480770688455486,22.0,28.863636363636363,28.148070143685743,44.55,48.809090909090905,21.601452973417565,34.3,36.3590909090909,16.343912776580915,378.5,526.9545454545455,374.4847224644917,1155.5,1486.4545454545455,1016.700486273061,21.0,32.04545454545455,29.67358497083972,17.0,19.636363636363637,15.98077849747256,4.0,10.863636363636363,13.54110305187402,15.0,18.363636363636363,14.539094930059482,12.5,14.727272727272727,12.63095901114106,500.5,630.9090909090909,449.47778260585585,50.0,68.5,69.64313797257176,14.0,16.136363636363637,10.767214144471188,16.5,15.590909090909092,11.454502507993427,1.5,3.3181818181818183,3.708245171382584,11.0,30.454545454545453,40.80350973784495,46.5,54.68181818181818,37.45776842771624,10.0,19.0,19.542383731386558,15.5,18.181818181818183,17.47824869628469,52.5,48.459090909090904,19.609853186379087
